Name,Gender,Star,Summary,Director,Realase Date,Reward
The Shawshank Redemption,Drama,9.3,"Two imprisoned men bond over a number of years, finding solace and eventual redemption through acts of common decency.",Frank Darabont,1994,21 wins & 43 nominations total
The Godfather,Crime,9.2,An organized crime dynasty's aging patriarch transfers control of his clandestine empire to his reluctant son.,Francis Ford Coppola,1972,31 wins & 30 nominations total
The Godfather: Part II,Crime,9.0,"The early life and career of Vito Corleone in 1920s New York City is portrayed, while his son, Michael, expands and tightens his grip on the family crime syndicate.",Francis Ford Coppola,1974,17 wins & 20 nominations total
The Dark Knight,Action,9.0,"When the menace known as the Joker wreaks havoc and chaos on the people of Gotham, Batman must accept one of the greatest psychological and physical tests of his ability to fight injustice.",Christopher Nolan,2008,159 wins & 163 nominations total
12 Angry Men,Crime,9.0,A jury holdout attempts to prevent a miscarriage of justice by forcing his colleagues to reconsider the evidence.,Sidney Lumet,1957,17 wins & 13 nominations total
Schindler's List,Biography,8.9,"In German-occupied Poland during World War II, industrialist Oskar Schindler gradually becomes concerned for his Jewish workforce after witnessing their persecution by the Nazis.",Steven Spielberg,1993,91 wins & 49 nominations total
The Lord of the Rings: The Return of the King,Action,8.9,Gandalf and Aragorn lead the World of Men against Sauron's army to draw his gaze from Frodo and Sam as they approach Mount Doom with the One Ring.,Peter Jackson,2003,209 wins & 124 nominations total
Pulp Fiction,Crime,8.9,"The lives of two mob hitmen, a boxer, a gangster and his wife, and a pair of diner bandits intertwine in four tales of violence and redemption.",Quentin Tarantino,1994,70 wins & 75 nominations total
"Il buono, il brutto, il cattivo",Western,8.8,A bounty hunting scam joins two men in an uneasy alliance against a third in a race to find a fortune in gold buried in a remote cemetery.,Sergio Leone,1966,3 wins & 6 nominations
The Lord of the Rings: The Fellowship of the Ring,Action,8.8,A meek Hobbit from the Shire and eight companions set out on a journey to destroy the powerful One Ring and save Middle-earth from the Dark Lord Sauron.,Peter Jackson,2001,120 wins & 126 nominations total
Fight Club,Drama,8.8,An insomniac office worker and a devil-may-care soap maker form an underground fight club that evolves into much more.,David Fincher,1999,11 wins & 38 nominations total
Forrest Gump,Drama,8.8,"The presidencies of Kennedy and Johnson, the Vietnam War, the Watergate scandal and other historical events unfold from the perspective of an Alabama man with an IQ of 75, whose only desire is to be reunited with his childhood sweetheart.",Robert Zemeckis,1994,50 wins & 75 nominations total
Inception,Action,8.8,A thief who steals corporate secrets through the use of dream-sharing technology is given the inverse task of planting an idea into the mind of a C.E.O.,Christopher Nolan,2010,157 wins & 220 nominations total
The Lord of the Rings: The Two Towers,Action,8.7,"While Frodo and Sam edge closer to Mordor with the help of the shifty Gollum, the divided fellowship makes a stand against Sauron's new ally, Saruman, and his hordes of Isengard.",Peter Jackson,2002,126 wins & 138 nominations total
Star Wars: Episode V - The Empire Strikes Back,Action,8.7,"After the Rebels are brutally overpowered by the Empire on the ice planet Hoth, Luke Skywalker begins Jedi training with Yoda, while his friends are pursued across the galaxy by Darth Vader and bounty hunter Boba Fett.",Irvin Kershner,1980,25 wins & 20 nominations total
The Matrix,Action,8.7,"When a beautiful stranger leads computer hacker Neo to a forbidding underworld, he discovers the shocking truth--the life he knows is the elaborate deception of an evil cyber-intelligence.",Lana Wachowski,1999,42 wins & 51 nominations total
Goodfellas,Biography,8.7,"The story of Henry Hill and his life in the mob, covering his relationship with his wife Karen Hill and his mob partners Jimmy Conway and Tommy DeVito in the Italian-American crime syndicate.",Martin Scorsese,1990,44 wins & 38 nominations total
One Flew Over the Cuckoo's Nest,Drama,8.7,"A criminal pleads insanity and is admitted to a mental institution, where he rebels against the oppressive nurse and rallies up the scared patients.",Milos Forman,1975,37 wins & 15 nominations total
Shichinin no samurai,Action,8.6,A poor village under attack by bandits recruits seven unemployed samurai to help them defend themselves.,Akira Kurosawa,1954,5 wins & 8 nominations total
Se7en,Crime,8.6,"Two detectives, a rookie and a veteran, hunt a serial killer who uses the seven deadly sins as his motives.",David Fincher,1995,29 wins & 42 nominations total
The Silence of the Lambs,Crime,8.6,"A young F.B.I. cadet must receive the help of an incarcerated and manipulative cannibal killer to help catch another serial killer, a madman who skins his victims.",Jonathan Demme,1991,69 wins & 51 nominations total
Cidade de Deus,Crime,8.6,"In the slums of Rio, two kids' paths diverge as one struggles to become a photographer and the other a kingpin.",Fernando Meirelles,2002,74 wins & 50 nominations total
La vita è bella,Comedy,8.6,"When an open-minded Jewish librarian and his son become victims of the Holocaust, he uses a perfect mixture of will, humor, and imagination to protect his son from the dangers around their camp.",Roberto Benigni,1997,72 wins & 52 nominations total
It's a Wonderful Life,Drama,8.6,An angel is sent from Heaven to help a desperately frustrated businessman by showing him what life would have been like if he had never existed.,Frank Capra,1946,6 wins & 6 nominations total
Star Wars,Action,8.6,"Luke Skywalker joins forces with a Jedi Knight, a cocky pilot, a Wookiee and two droids to save the galaxy from the Empire's world-destroying battle station, while also attempting to rescue Princess Leia from the mysterious Darth Vader.",George Lucas,1977,63 wins & 29 nominations total
Saving Private Ryan,Drama,8.6,"Following the Normandy Landings, a group of U.S. soldiers go behind enemy lines to retrieve a paratrooper whose brothers have been killed in action.",Steven Spielberg,1998,79 wins & 75 nominations total
Interstellar,Adventure,8.6,A team of explorers travel through a wormhole in space in an attempt to ensure humanity's survival.,Christopher Nolan,2014,44 wins & 148 nominations total
Sen to Chihiro no kamikakushi,Animation,8.6,"During her family's move to the suburbs, a sullen 10-year-old girl wanders into a world ruled by gods, witches, and spirits, and where humans are changed into beasts.",Hayao Miyazaki,2001,58 wins & 31 nominations total
The Green Mile,Crime,8.6,"The lives of guards on Death Row are affected by one of their charges: a black man accused of child murder and rape, yet who has a mysterious gift.",Frank Darabont,1999,15 wins & 37 nominations total
Gisaengchung,Comedy,8.6,Greed and class discrimination threaten the newly formed symbiotic relationship between the wealthy Park family and the destitute Kim clan.,Bong Joon Ho,2019,305 wins & 272 nominations total
Léon,Action,8.5,"Mathilda, a 12-year-old girl, is reluctantly taken in by Léon, a professional assassin, after her family is murdered. An unusual relationship forms as she becomes his protégée and learns the assassin's trade.",Luc Besson,1994,6 wins & 15 nominations
Seppuku,Action,8.6,"When a ronin requesting seppuku at a feudal lord's palace is told of the brutal suicide of another ronin who previously visited, he reveals how their pasts are intertwined - and in doing so challenges the clan's integrity.",Masaki Kobayashi,1962,8 wins & 2 nominations
The Pianist,Biography,8.5,A Polish Jewish musician struggles to survive the destruction of the Warsaw ghetto of World War II.,Roman Polanski,2002,57 wins & 74 nominations total
The Usual Suspects,Crime,8.5,"A sole survivor tells of the twisty events leading up to a horrific gun battle on a boat, which began when five criminals met at a seemingly random police lineup.",Bryan Singer,1995,37 wins & 17 nominations total
Terminator 2: Judgment Day,Action,8.5,"A cyborg, identical to the one who failed to kill Sarah Connor, must now protect her ten year old son, John Connor, from a more advanced and powerful cyborg.",James Cameron,1991,36 wins & 33 nominations total
Back to the Future,Adventure,8.5,"Marty McFly, a 17-year-old high school student, is accidentally sent thirty years into the past in a time-traveling DeLorean invented by his close friend, the eccentric scientist Doc Brown.",Robert Zemeckis,1985,22 wins & 25 nominations total
Psycho,Horror,8.5,"A Phoenix secretary embezzles $40,000 from her employer's client, goes on the run, and checks into a remote motel run by a young man under the domination of his mother.",Alfred Hitchcock,1960,7 wins & 14 nominations total
The Lion King,Animation,8.5,"Lion prince Simba and his father are targeted by his bitter uncle, who wants to ascend the throne himself.",Roger Allers,1994,39 wins & 35 nominations total
Modern Times,Comedy,8.5,The Tramp struggles to live in modern industrial society with the help of a young homeless woman.,Charles Chaplin,1936,4 wins & 1 nomination
American History X,Drama,8.5,A former neo-nazi skinhead tries to prevent his younger brother from going down the same wrong path that he did.,Tony Kaye,1998,4 wins & 15 nominations total
City Lights,Comedy,8.5,"With the aid of a wealthy erratic tippler, a dewy-eyed tramp who has fallen in love with a sightless flower girl accumulates money to be able to help her medically.",Charles Chaplin,1931,3 wins
Hotaru no haka,Animation,8.5,A young boy and his little sister struggle to survive in Japan during World War II.,Isao Takahata,1988,3 wins
Whiplash,Drama,8.5,A promising young drummer enrolls at a cut-throat music conservatory where his dreams of greatness are mentored by an instructor who will stop at nothing to realize a student's potential.,Damien Chazelle,2014,98 wins & 145 nominations total
Gladiator,Action,8.5,A former Roman General sets out to exact vengeance against the corrupt emperor who murdered his family and sent him into slavery.,Ridley Scott,2000,59 wins & 106 nominations total
The Departed,Crime,8.5,An undercover cop and a mole in the police attempt to identify each other while infiltrating an Irish gang in South Boston.,Martin Scorsese,2006,97 wins & 141 nominations total
Intouchables,Biography,8.5,"After he becomes a quadriplegic from a paragliding accident, an aristocrat hires a young man from the projects to be his caregiver.",Olivier Nakache,2011,38 wins & 40 nominations total
The Prestige,Drama,8.5,"After a tragic accident, two stage magicians engage in a battle to create the ultimate illusion while sacrificing everything they have to outwit each other.",Christopher Nolan,2006,6 wins & 45 nominations total
Casablanca,Drama,8.5,A cynical expatriate American cafe owner struggles to decide whether or not to help his former lover and her fugitive husband escape the Nazis in French Morocco.,Michael Curtiz,1942,10 wins & 9 nominations total
C'era una volta il West,Western,8.5,A mysterious stranger with a harmonica joins forces with a notorious desperado to protect a beautiful widow from a ruthless assassin working for the railroad.,Sergio Leone,1968,4 wins & 5 nominations
Rear Window,Mystery,8.5,A wheelchair-bound photographer spies on his neighbors from his apartment window and becomes convinced one of them has committed murder.,Alfred Hitchcock,1954,6 wins & 13 nominations total
Nuovo Cinema Paradiso,Drama,8.5,A filmmaker recalls his childhood when falling in love with the pictures at the cinema of his home village and forms a deep friendship with the cinema's projectionist.,Giuseppe Tornatore,1988,25 wins & 32 nominations total
Alien,Horror,8.4,"After a space merchant vessel receives an unknown transmission as a distress call, one of the crew is attacked by a mysterious life form and they soon realize that its life cycle has merely begun.",Ridley Scott,1979,18 wins & 22 nominations total
Apocalypse Now,Drama,8.4,A U.S. Army officer serving in Vietnam is tasked with assassinating a renegade Special Forces Colonel who sees himself as a god.,Francis Ford Coppola,1979,21 wins & 32 nominations total
Memento,Mystery,8.4,A man with short-term memory loss attempts to track down his wife's murderer.,Christopher Nolan,2000,57 wins & 59 nominations total
Raiders of the Lost Ark,Action,8.4,"In 1936, archaeologist and adventurer Indiana Jones is hired by the U.S. government to find the Ark of the Covenant before Adolf Hitler's Nazis can obtain its awesome powers.",Steven Spielberg,1981,37 wins & 24 nominations total
The Great Dictator,Comedy,8.4,Dictator Adenoid Hynkel tries to expand his empire while a poor Jewish barber tries to avoid persecution from Hynkel's regime.,Charles Chaplin,1940,6 wins & 6 nominations total
Das Leben der Anderen,Drama,8.4,"In 1984 East Berlin, an agent of the secret police, conducting surveillance on a writer and his lover, finds himself becoming increasingly absorbed by their lives.",Florian Henckel von Donnersmarck,2006,80 wins & 38 nominations total
Django Unchained,Drama,8.4,"With the help of a German bounty-hunter, a freed slave sets out to rescue his wife from a brutal plantation-owner in Mississippi.",Quentin Tarantino,2012,58 wins & 158 nominations total
Paths of Glory,Drama,8.4,"After refusing to attack an enemy position, a general accuses the soldiers of cowardice and their commanding officer must defend them.",Stanley Kubrick,1957,7 wins & 4 nominations total
Sunset Blvd.,Drama,8.4,A screenwriter develops a dangerous relationship with a faded film star determined to make a triumphant return.,Billy Wilder,1950,18 wins & 19 nominations total
WALL·E,Animation,8.4,"In the distant future, a small waste-collecting robot inadvertently embarks on a space journey that will ultimately decide the fate of mankind.",Andrew Stanton,2008,93 wins & 95 nominations total
Avengers: Infinity War,Action,8.4,The Avengers and their allies must be willing to sacrifice all in an attempt to defeat the powerful Thanos before his blitz of devastation and ruin puts an end to the universe.,Anthony Russo,2018,46 wins & 77 nominations total
The Shining,Drama,8.4,"A family heads to an isolated hotel for the winter where a sinister presence influences the father into violence, while his psychic son sees horrific forebodings from both past and future.",Stanley Kubrick,1980,4 wins & 8 nominations
Witness for the Prosecution,Crime,8.4,A veteran British barrister must defend his client in a murder trial that has surprise after surprise.,Billy Wilder,1957,4 wins & 16 nominations total
Spider-Man: Into the Spider-Verse,Animation,8.4,"Teen Miles Morales becomes the Spider-Man of his universe, and must join with five spider-powered individuals from other dimensions to stop a threat for all realities.",Bob Persichetti,2018,81 wins & 58 nominations total
Dr. Strangelove or: How I Learned to Stop Worrying and Love the Bomb,Comedy,8.4,An insane general triggers a path to nuclear holocaust that a War Room full of politicians and generals frantically tries to stop.,Stanley Kubrick,1964,14 wins & 11 nominations total
Joker,Crime,8.4,"In Gotham City, mentally troubled comedian Arthur Fleck is disregarded and mistreated by society. He then embarks on a downward spiral of revolution and bloody crime. This path brings him face-to-face with his alter-ego: the Joker.",Todd Phillips,2019,118 wins & 239 nominations total
Mononoke-hime,Animation,8.4,"On a journey to find the cure for a Tatarigami's curse, Ashitaka finds himself in the middle of a war between the forest gods and Tatara, a mining colony. In this quest he also meets San, the Mononoke Hime.",Hayao Miyazaki,1997,13 wins & 6 nominations
Oldeuboi,Action,8.4,"After being kidnapped and imprisoned for fifteen years, Oh Dae-Su is released, only to find that he must find his captor in five days.",Park Chan-Wook,2003,40 wins & 20 nominations
Kimi no na wa.,Animation,8.4,"Two strangers find themselves linked in a bizarre way. When a connection forms, will distance be the only thing to keep them apart?",Makoto Shinkai,2016,16 wins & 26 nominations
Once Upon a Time in America,Crime,8.4,"A former Prohibition-era Jewish gangster returns to the Lower East Side of Manhattan over thirty years later, where he once again must confront the ghosts and regrets of his old life.",Sergio Leone,1984,12 wins & 12 nominations total
The Dark Knight Rises,Action,8.4,"Eight years after the Joker's reign of anarchy, Batman, with the help of the enigmatic Catwoman, is forced from his exile to save Gotham City from the brutal guerrilla terrorist Bane.",Christopher Nolan,2012,38 wins & 103 nominations total
Aliens,Action,8.3,"Fifty-seven years after surviving an apocalyptic attack aboard her space vessel by merciless space creatures, Officer Ripley awakens from hyper-sleep and tries to warn anyone who will listen about the predators.",James Cameron,1986,20 wins & 23 nominations total
Coco,Animation,8.4,"Aspiring musician Miguel, confronted with his family's ancestral ban on music, enters the Land of the Dead to find his great-great-grandfather, a legendary singer.",Lee Unkrich,2017,109 wins & 40 nominations total
Capharnaüm,Drama,8.4,"While serving a five-year sentence for a violent crime, a 12-year-old boy sues his parents for neglect.",Nadine Labaki,2018,35 wins & 52 nominations total
Hamilton,Biography,8.4,"The real life of one of America's foremost founding fathers and first Secretary of the Treasury, Alexander Hamilton. Captured live on Broadway from the Richard Rodgers Theater with the original Broadway cast.",Thomas Kail,2020,13 wins & 40 nominations total
Avengers: Endgame,Action,8.4,"After the devastating events of Avengers: Infinity War (2018), the universe is in ruins. With the help of remaining allies, the Avengers assemble once more in order to reverse Thanos' actions and restore balance to the universe.",Anthony Russo,2019,70 wins & 122 nominations total
Das Boot,Adventure,8.3,"The claustrophobic world of a WWII German U-boat; boredom, filth and sheer terror.",Wolfgang Petersen,1981,13 wins & 11 nominations total
Tengoku to jigoku,Crime,8.4,An executive of a shoe company becomes a victim of extortion when his chauffeur's son is kidnapped by mistake and held for ransom.,Akira Kurosawa,1963,3 wins & 3 nominations
American Beauty,Drama,8.3,A sexually frustrated suburban father has a mid-life crisis after becoming infatuated with his daughter's best friend.,Sam Mendes,1999,111 wins & 102 nominations total
Toy Story,Animation,8.3,A cowboy doll is profoundly threatened and jealous when a new spaceman figure supplants him as top toy in a boy's room.,John Lasseter,1995,27 wins & 23 nominations total
3 Idiots,Comedy,8.4,"Two friends are searching for their long lost companion. They revisit their college days and recall the memories of their friend who inspired them to think differently, even as the rest of the world called them ""idiots"".",Rajkumar Hirani,2009,64 wins & 25 nominations
Amadeus,Biography,8.3,"The life, success and troubles of Wolfgang Amadeus Mozart, as told by Antonio Salieri, the contemporaneous composer who was insanely jealous of Mozart's talent and claimed to have murdered him.",Milos Forman,1984,43 wins & 15 nominations total
Braveheart,Biography,8.3,Scottish warrior William Wallace leads his countrymen in a rebellion to free his homeland from the tyranny of King Edward I of England.,Mel Gibson,1995,33 wins & 34 nominations total
Inglourious Basterds,Adventure,8.3,"In Nazi-occupied France during World War II, a plan to assassinate Nazi leaders by a group of Jewish U.S. soldiers coincides with a theatre owner's vengeful plans for the same.",Quentin Tarantino,2009,133 wins & 172 nominations total
Good Will Hunting,Drama,8.3,"Will Hunting, a janitor at M.I.T., has a gift for mathematics, but needs help from a psychologist to find direction in his life.",Gus Van Sant,1997,24 wins & 61 nominations total
Star Wars: Episode VI - Return of the Jedi,Action,8.3,"After a daring mission to rescue Han Solo from Jabba the Hutt, the Rebels dispatch to Endor to destroy the second Death Star. Meanwhile, Luke struggles to help Darth Vader back from the dark side without falling into the Emperor's trap.",Richard Marquand,1983,22 wins & 20 nominations total
2001: A Space Odyssey,Adventure,8.3,"After discovering a mysterious artifact buried beneath the Lunar surface, mankind sets off on a quest to find its origins with help from intelligent supercomputer H.A.L. 9000.",Stanley Kubrick,1968,16 wins & 12 nominations total
Reservoir Dogs,Crime,8.3,"When a simple jewelry heist goes horribly wrong, the surviving criminals begin to suspect that one of them is a police informant.",Quentin Tarantino,1992,12 wins & 23 nominations
M - Eine Stadt sucht einen Mörder,Crime,8.3,"When the police in a German city are unable to catch a child-murderer, other criminals join in the manhunt.",Fritz Lang,1931,2 wins
Taare Zameen Par,Drama,8.4,"An eight-year-old boy is thought to be a lazy trouble-maker, until the new art teacher has the patience and compassion to discover the real problem behind his struggles in school.",Aamir Khan,2007,23 wins & 13 nominations
Vertigo,Mystery,8.3,"A former San Francisco police detective juggles wrestling with his personal demons and becoming obsessed with the hauntingly beautiful woman he has been hired to trail, who may be deeply disturbed.",Alfred Hitchcock,1958,8 wins & 7 nominations total
Citizen Kane,Drama,8.3,"Following the death of publishing tycoon Charles Foster Kane, reporters scramble to uncover the meaning of his final utterance; 'Rosebud'.",Orson Welles,1941,11 wins & 13 nominations total
Dune,Action,8.5,"Feature adaptation of Frank Herbert's science fiction novel, about the son of a noble family entrusted with the protection of the most valuable asset and most vital element in the galaxy.",Denis Villeneuve,2021,1 nomination
Idi i smotri,Drama,8.3,"After finding an old rifle, a young boy joins the Soviet resistance movement against ruthless German forces and experiences the horrors of World War II.",Elem Klimov,1985,3 wins
Jagten,Drama,8.3,"A teacher lives a lonely life, all the while struggling over his son's custody. His life slowly gets better as he finds love and receives good news from his son, but his new luck is about to be brutally shattered by an innocent little lie.",Thomas Vinterberg,2012,37 wins & 70 nominations total
Requiem for a Dream,Drama,8.3,The drug-induced utopias of four Coney Island people are shattered when their addictions run deep.,Darren Aronofsky,2000,37 wins & 70 nominations total
Singin' in the Rain,Comedy,8.3,A silent film production company and cast make a difficult transition to sound.,Stanley Donen,1952,7 wins & 9 nominations total
North by Northwest,Adventure,8.3,A New York City advertising executive goes on the run after being mistaken for a government agent by a group of foreign spies.,Alfred Hitchcock,1959,8 wins & 10 nominations total
Pather Panchali,Drama,8.5,"Impoverished priest Harihar Ray, dreaming of a better life for himself and his family, leaves his rural Bengal village in search of work.",Satyajit Ray,1955,11 wins & 2 nominations total
Eternal Sunshine of the Spotless Mind,Drama,8.3,"When their relationship turns sour, a couple undergoes a medical procedure to have each other erased from their memories.",Michel Gondry,2004,73 wins & 111 nominations total
Ikiru,Drama,8.3,A bureaucrat tries to find meaning in his life after he discovers he has terminal cancer.,Akira Kurosawa,1952,5 wins & 2 nominations total
Ladri di biciclette,Drama,8.3,"In post-war Italy, a working-class man's bicycle is stolen. He and his son set out to find it.",Vittorio De Sica,1948,20 wins & 3 nominations total
Lawrence of Arabia,Adventure,8.3,"The story of T.E. Lawrence, the English officer who successfully united and led the diverse, often warring, Arab tribes during World War I in order to fight the Turks.",David Lean,1962,31 wins & 14 nominations total
The Kid,Comedy,8.3,"The Tramp cares for an abandoned child, but events put that relationship in jeopardy.",Charles Chaplin,1921,2 wins
Full Metal Jacket,Drama,8.3,A pragmatic U.S. Marine observes the dehumanizing effects the Vietnam War has on his fellow recruits from their brutal boot camp training to the bloody street fighting in Hue.,Stanley Kubrick,1987,8 wins & 15 nominations total
Dangal,Action,8.4,Former wrestler Mahavir Singh Phogat and his two wrestler daughters struggle towards glory at the Commonwealth Games in the face of societal oppression.,Nitesh Tiwari,2016,23 wins & 6 nominations
The Father,Drama,8.3,"A man refuses all assistance from his daughter as he ages. As he tries to make sense of his changing circumstances, he begins to doubt his loved ones, his own mind and even the fabric of his reality.",Florian Zeller,2020,26 wins & 135 nominations total
A Clockwork Orange,Crime,8.3,"In the future, a sadistic gang leader is imprisoned and volunteers for a conduct-aversion experiment, but it doesn't go as planned.",Stanley Kubrick,1971,12 wins & 24 nominations total
The Apartment,Comedy,8.3,"A Manhattan insurance clerk tries to rise in his company by letting its executives use his apartment for trysts, but complications and a romance of his own ensue.",Billy Wilder,1960,24 wins & 8 nominations total
Metropolis,Drama,8.3,"In a futuristic city sharply divided between the working class and the city planners, the son of the city's mastermind falls in love with a working-class prophet who predicts the coming of a savior to mediate their differences.",Fritz Lang,1927,6 wins & 6 nominations
Taxi Driver,Crime,8.2,"A mentally unstable veteran works as a nighttime taxi driver in New York City, where the perceived decadence and sleaze fuels his urge for violent action by attempting to liberate a presidential campaign worker and an underage prostitute.",Martin Scorsese,1976,22 wins & 20 nominations total
Incendies,Drama,8.3,Twins journey to the Middle East to discover their family history and fulfill their mother's last wishes.,Denis Villeneuve,2010,39 wins & 17 nominations total
Double Indemnity,Crime,8.3,An insurance representative lets himself be talked by a seductive housewife into a murder/insurance fraud scheme that arouses the suspicion of an insurance investigator.,Billy Wilder,1944,2 wins & 9 nominations total
The Sting,Comedy,8.3,Two grifters team up to pull off the ultimate con.,George Roy Hill,1973,18 wins & 6 nominations total
Jodaeiye Nader az Simin,Drama,8.3,A married couple are faced with a difficult decision - to improve the life of their child by moving to another country or to stay in Iran and look after a deteriorating parent who has Alzheimer's disease.,Asghar Farhadi,2011,89 wins & 49 nominations total
Scarface,Crime,8.3,"In 1980 Miami, a determined Cuban immigrant takes over a drug cartel and succumbs to greed.",Brian De Palma,1983,8 nominations
1917,Action,8.3,"April 6th, 1917. As a regiment assembles to wage war deep in enemy territory, two soldiers are assigned to race against time and deliver a message that will stop 1,600 men from walking straight into a deadly trap.",Sam Mendes,2019,134 wins & 200 nominations total
Snatch,Comedy,8.3,"Unscrupulous boxing promoters, violent bookmakers, a Russian gangster, incompetent amateur robbers and supposedly Jewish jewelers fight to track down a priceless stolen diamond.",Guy Ritchie,2000,4 wins & 7 nominations
Le fabuleux destin d'Amélie Poulain,Comedy,8.3,"Amélie is an innocent and naive girl in Paris with her own sense of justice. She decides to help those around her and, along the way, discovers love.",Jean-Pierre Jeunet,2001,59 wins & 74 nominations total
Toy Story 3,Animation,8.2,"The toys are mistakenly delivered to a day-care center instead of the attic right before Andy leaves for college, and it's up to Woody to convince the other toys that they weren't abandoned and to return home.",Lee Unkrich,2010,61 wins & 96 nominations total
To Kill a Mockingbird,Crime,8.3,"Atticus Finch, a lawyer in the Depression-era South, defends a black man against an undeserved rape charge, and his children against prejudice.",Robert Mulligan,1962,14 wins & 16 nominations total
Per qualche dollaro in più,Western,8.2,Two bounty hunters with the same intentions team up to track down a Western outlaw.,Sergio Leone,1965,2 nominations
Up,Animation,8.2,"78-year-old Carl Fredricksen travels to Paradise Falls in his house equipped with balloons, inadvertently taking a young stowaway.",Pete Docter,2009,79 wins & 87 nominations total
Indiana Jones and the Last Crusade,Action,8.2,"In 1938, after his father Professor Henry Jones, Sr. goes missing while pursuing the Holy Grail, Professor Henry ""Indiana"" Jones, Jr. finds himself up against Adolf Hitler's Nazis again to stop them from obtaining its powers.",Steven Spielberg,1989,8 wins & 22 nominations total
L.A. Confidential,Crime,8.2,"As corruption grows in 1950s Los Angeles, three policemen - one strait-laced, one brutal, and one sleazy - investigate a series of murders with their own brand of justice.",Curtis Hanson,1997,91 wins & 85 nominations total
Heat,Crime,8.2,A group of high-end professional thieves start to feel the heat from the LAPD when they unknowingly leave a clue at their latest heist.,Michael Mann,1995,14 nominations
Rashômon,Crime,8.2,"The rape of a bride and the murder of her samurai husband are recalled from the perspectives of a bandit, the bride, the samurai's ghost and a woodcutter.",Akira Kurosawa,1950,9 wins & 5 nominations total
Yôjinbô,Action,8.2,A crafty ronin comes to a town divided by two criminal gangs and decides to play them against each other to free the town.,Akira Kurosawa,1961,4 wins & 2 nominations total
Ran,Action,8.2,"In Medieval Japan, an elderly warlord retires, handing over his empire to his three sons. However, he vastly underestimates how the new-found power will corrupt them and cause them to turn on each other...and him.",Akira Kurosawa,1985,30 wins & 23 nominations total
Die Hard,Action,8.2,An NYPD officer tries to save his wife and several others taken hostage by German terrorists during a Christmas party at the Nakatomi Plaza in Los Angeles.,John McTiernan,1988,8 wins & 6 nominations total
Green Book,Biography,8.2,A working-class Italian-American bouncer becomes the driver of an African-American classical pianist on a tour of venues through the 1960s American South.,Peter Farrelly,2018,58 wins & 123 nominations total
Der Untergang,Biography,8.2,"Traudl Junge, the final secretary for Adolf Hitler, tells of the Nazi dictator's final days in his Berlin bunker at the end of WWII.",Oliver Hirschbiegel,2004,22 wins & 34 nominations total
Monty Python and the Holy Grail,Adventure,8.2,"King Arthur and his Knights of the Round Table embark on a surreal, low-budget search for the Holy Grail, encountering many, very silly obstacles.",Terry Gilliam,1975,3 wins & 3 nominations
All About Eve,Drama,8.2,A seemingly timid but secretly ruthless ingénue insinuates herself into the lives of an aging Broadway star and her circle of theater friends.,Joseph L. Mankiewicz,1950,26 wins & 20 nominations total
Some Like It Hot,Comedy,8.2,"After two male musicians witness a mob hit, they flee the state in an all-female band disguised as women, but further complications set in.",Billy Wilder,1959,15 wins & 15 nominations total
Batman Begins,Action,8.2,"After training with his mentor, Batman begins his fight to free crime-ridden Gotham City from corruption.",Christopher Nolan,2005,13 wins & 79 nominations total
Unforgiven,Drama,8.2,"Retired Old West gunslinger William Munny reluctantly takes on one last job, with the help of his old partner Ned Logan and a young man, The ""Schofield Kid.""",Clint Eastwood,1992,50 wins & 47 nominations total
Bacheha-Ye aseman,Drama,8.3,"After a boy loses his sister's pair of shoes, he goes on a series of adventures in order to find them. When he can't, he tries a new way to ""win"" a new pair.",Majid Majidi,1997,13 wins & 5 nominations total
Hauru no ugoku shiro,Animation,8.2,"When an unconfident young woman is cursed with an old body by a spiteful witch, her only chance of breaking the spell lies with a self-indulgent yet insecure young wizard and his companions in his legged, walking castle.",Hayao Miyazaki,2004,14 wins & 20 nominations total
The Wolf of Wall Street,Biography,8.2,"Based on the true story of Jordan Belfort, from his rise to a wealthy stock-broker living the high life to his fall involving crime, corruption and the federal government.",Martin Scorsese,2013,37 wins & 179 nominations total
Judgment at Nuremberg,Drama,8.2,"In 1948, an American court in occupied Germany tries four Nazis judged for war crimes.",Stanley Kramer,1961,16 wins & 25 nominations total
The Great Escape,Adventure,8.2,Allied prisoners of war plan for several hundred of their number to escape from a German camp during World War II.,John Sturges,1963,3 wins & 11 nominations total
Casino,Crime,8.2,"A tale of greed, deception, money, power, and murder occur between two best friends: a mafia enforcer and a casino executive compete against each other over a gambling empire, and over a fast-living and fast-loving socialite.",Martin Scorsese,1995,4 wins & 11 nominations total
There Will Be Blood,Drama,8.2,"A story of family, religion, hatred, oil and madness, focusing on a turn-of-the-century prospector in the early days of the business.",Paul Thomas Anderson,2007,116 wins & 137 nominations total
The Treasure of the Sierra Madre,Adventure,8.2,Two Americans searching for work in Mexico convince an old prospector to help them mine for gold in the Sierra Madre Mountains.,John Huston,1948,16 wins & 8 nominations total
El laberinto del fauno,Drama,8.2,"In the Falangist Spain of 1944, the bookish young stepdaughter of a sadistic army officer escapes into an eerie but captivating fantasy world.",Guillermo del Toro,2006,109 wins & 115 nominations total
A Beautiful Mind,Biography,8.2,"After John Nash, a brilliant but asocial mathematician, accepts secret work in cryptography, his life takes a turn for the nightmarish.",Ron Howard,2001,37 wins & 69 nominations total
El secreto de sus ojos,Drama,8.2,A retired legal counselor writes a novel hoping to find closure for one of his past unresolved homicide cases and for his unreciprocated love with his superior - both of which still haunt him decades later.,Juan José Campanella,2009,53 wins & 43 nominations total
Raging Bull,Biography,8.2,"The life of boxer Jake LaMotta, whose violence and temper that led him to the top in the ring destroyed his life outside of it.",Martin Scorsese,1980,24 wins & 28 nominations total
Tonari no Totoro,Animation,8.2,"When two girls move to the country to be near their ailing mother, they have adventures with the wondrous forest spirits who live nearby.",Hayao Miyazaki,1988,5 wins & 2 nominations
Chinatown,Drama,8.2,"A private detective hired to expose an adulterer in 1930s Los Angeles finds himself caught up in a web of deceit, corruption, and murder.",Roman Polanski,1974,21 wins & 24 nominations total
"Lock, Stock and Two Smoking Barrels",Action,8.2,"Eddy persuades his three pals to pool money for a vital poker game against a powerful local mobster, Hatchet Harry. Eddy loses, after which Harry gives him a week to pay back 500,000 pounds.",Guy Ritchie,1998,13 wins & 9 nominations total
The Gold Rush,Adventure,8.2,A prospector goes to the Klondike in search of gold and finds it and more.,Charles Chaplin,1925,3 wins & 3 nominations total
Shutter Island,Mystery,8.2,"In 1954, a U.S. Marshal investigates the disappearance of a murderer who escaped from a hospital for the criminally insane.",Martin Scorsese,2010,11 wins & 66 nominations
No Country for Old Men,Crime,8.1,Violence and mayhem ensue after a hunter stumbles upon a drug deal gone wrong and more than two million dollars in cash near the Rio Grande.,Ethan Coen,2007,163 wins & 140 nominations total
Dial M for Murder,Crime,8.2,A former tennis player tries to arrange his wife's murder after learning of her affair.,Alfred Hitchcock,1954,5 wins & 3 nominations total
Det sjunde inseglet,Drama,8.2,"A man seeks answers about life, death, and the existence of God as he plays chess against the Grim Reaper during the Black Plague.",Ingmar Bergman,1957,9 wins & 2 nominations
"Three Billboards Outside Ebbing, Missouri",Comedy,8.1,A mother personally challenges the local authorities to solve her daughter's murder when they fail to catch the culprit.,Martin McDonagh,2017,131 wins & 232 nominations total
The Elephant Man,Biography,8.1,"A Victorian surgeon rescues a heavily disfigured man who is mistreated while scraping a living as a side-show freak. Behind his monstrous façade, there is revealed a person of kindness, intelligence and sophistication.",David Lynch,1980,10 wins & 22 nominations total
The Thing,Horror,8.1,A research team in Antarctica is hunted by a shape-shifting alien that assumes the appearance of its victims.,John Carpenter,1982,3 nominations
The Sixth Sense,Drama,8.1,A boy who communicates with spirits seeks the help of a disheartened child psychologist.,M. Night Shyamalan,1999,37 wins & 56 nominations total
Klaus,Animation,8.2,"A simple act of kindness always sparks another, even in a frozen, faraway place. When Smeerensburg's new postman, Jesper, befriends toymaker Klaus, their gifts melt an age-old feud and deliver a sleigh full of holiday traditions.",Sergio Pablos,2019,11 wins & 26 nominations total
The Third Man,Film-Noir,8.1,"Pulp novelist Holly Martins travels to shadowy, postwar Vienna, only to find himself investigating the mysterious death of an old friend, Harry Lime.",Carol Reed,1949,5 wins & 4 nominations total
Smultronstället,Drama,8.2,"After living a life marked by coldness, an aging professor is forced to confront the emptiness of his existence.",Ingmar Bergman,1957,18 wins & 4 nominations total
V for Vendetta,Action,8.1,"In a future British tyranny, a shadowy freedom fighter, known only by the alias of ""V"", plots to overthrow it with the help of a young woman.",James McTeigue,2005,7 wins & 29 nominations
Jurassic Park,Action,8.1,A pragmatic paleontologist visiting an almost complete theme park is tasked with protecting a couple of kids after a power failure causes the park's cloned dinosaurs to run loose.,Steven Spielberg,1993,44 wins & 27 nominations total
The Truman Show,Comedy,8.1,An insurance salesman discovers his whole life is actually a reality TV show.,Peter Weir,1998,40 wins & 69 nominations total
Inside Out,Animation,8.1,"After young Riley is uprooted from her Midwest life and moved to San Francisco, her emotions - Joy, Fear, Anger, Disgust and Sadness - conflict on how best to navigate a new city, house, and school.",Pete Docter,2015,100 wins & 116 nominations total
Salinui chueok,Crime,8.1,"In a small Korean province in 1986, two detectives struggle with the case of multiple young women being found raped and murdered by an unknown culprit.",Bong Joon Ho,2003,31 wins & 4 nominations
Blade Runner,Action,8.1,"A blade runner must pursue and terminate four replicants who stole a ship in space, and have returned to Earth to find their creator.",Ridley Scott,1982,12 wins & 19 nominations total
Trainspotting,Drama,8.1,"Renton, deeply immersed in the Edinburgh drug scene, tries to clean up and get out, despite the allure of the drugs and influence of friends.",Danny Boyle,1996,23 wins & 35 nominations total
The Bridge on the River Kwai,Adventure,8.1,"British POWs are forced to build a railway bridge across the river Kwai for their Japanese captors, not knowing that the allied forces are planning to destroy it.",David Lean,1957,30 wins & 8 nominations total
Warrior,Action,8.1,"The youngest son of an alcoholic former boxer returns home, where he's trained by his father for competition in a mixed martial arts tournament - a path that puts the fighter on a collision course with his estranged, older brother.",Gavin O'Connor,2011,5 wins & 22 nominations total
Fargo,Crime,8.1,Jerry Lundegaard's inept crime falls apart due to his and his henchmen's bungling and the persistent police work of the quite pregnant Marge Gunderson.,Joel Coen,1996,83 wins & 58 nominations total
Finding Nemo,Animation,8.1,"After his son is captured in the Great Barrier Reef and taken to Sydney, a timid clownfish sets out on a journey to bring him home.",Andrew Stanton,2003,48 wins & 63 nominations total
Tôkyô monogatari,Drama,8.2,"An old couple visit their children and grandchildren in the city, but receive little attention.",Yasujirô Ozu,1953,3 wins
Gone with the Wind,Drama,8.1,A manipulative woman and a roguish man conduct a turbulent romance during the American Civil War and Reconstruction periods.,Victor Fleming,1939,21 wins & 12 nominations total
Kill Bill: Vol. 1,Action,8.1,"After awakening from a four-year coma, a former assassin wreaks vengeance on the team of assassins who betrayed her.",Quentin Tarantino,2003,29 wins & 103 nominations total
Babam ve Oglum,Drama,8.3,The family of a left-wing journalist is torn apart after the military coup of Turkey in 1980.,Cagan Irmak,2005,14 wins & 7 nominations
On the Waterfront,Crime,8.1,"An ex-prize fighter turned New Jersey longshoreman struggles to stand up to his corrupt union bosses, including his older brother, as he starts to connect with the grieving sister of one of the syndicate's victims.",Elia Kazan,1954,30 wins & 9 nominations total
Stalker,Drama,8.1,A guide leads two men through an area known as the Zone to find a room that grants wishes.,Andrei Tarkovsky,1979,2 wins & 2 nominations
Relatos salvajes,Comedy,8.1,Six short stories that explore the extremities of human behavior involving people in distress.,Damián Szifron,2014,49 wins & 58 nominations total
Sherlock Jr.,Action,8.2,"A film projectionist longs to be a detective, and puts his meagre skills to work when he is framed by a rival for stealing his girlfriend's father's pocketwatch.",Buster Keaton,1924,1 win
The General,Action,8.1,"When Union spies steal an engineer's beloved locomotive, he pursues it single-handedly and straight through enemy lines.",Clyde Bruckman,1926,2 wins & 1 nomination
The Deer Hunter,Drama,8.1,An in-depth examination of the ways in which the Vietnam War impacts and disrupts the lives of several friends in a small steel mill town in Pennsylvania.,Michael Cimino,1978,24 wins & 27 nominations total
Gran Torino,Drama,8.1,"Disgruntled Korean War veteran Walt Kowalski sets out to reform his neighbor, Thao Lor, a Hmong teenager who tried to steal Kowalski's prized possession: a 1972 Gran Torino.",Clint Eastwood,2008,21 wins & 22 nominations
Persona,Drama,8.1,A nurse is put in charge of a mute actress and finds that their personae are melding together.,Ingmar Bergman,1966,11 wins & 5 nominations total
The Grand Budapest Hotel,Adventure,8.1,"A writer encounters the owner of an aging high-class hotel, who tells him of his early years serving as a lobby boy in the hotel's glorious years under an exceptional concierge.",Wes Anderson,2014,134 wins & 226 nominations total
Prisoners,Crime,8.1,"When Keller Dover's daughter and her friend go missing, he takes matters into his own hands as the police pursue multiple leads and the pressure mounts.",Denis Villeneuve,2013,10 wins & 38 nominations total
Mary and Max.,Animation,8.1,"A tale of friendship between two unlikely pen pals: Mary, a lonely, eight-year-old girl living in the suburbs of Melbourne, and Max, a forty-four-year old, severely obese man living in New York.",Adam Elliot,2009,5 wins & 9 nominations
Before Sunrise,Drama,8.1,"A young man and woman meet on a train in Europe, and wind up spending one evening together in Vienna. Unfortunately, both know that this will probably be their only night together.",Richard Linklater,1995,1 win & 7 nominations
Mr. Smith Goes to Washington,Comedy,8.1,"A naive man is appointed to fill a vacancy in the United States Senate. His plans promptly collide with political corruption, but he doesn't back down.",Frank Capra,1939,6 wins & 16 nominations total
Room,Drama,8.1,"Held captive for 7 years in an enclosed space, a woman and her young son finally gain their freedom, allowing the boy to experience the outside world for the first time.",Lenny Abrahamson,2015,107 wins & 140 nominations total
In the Name of the Father,Biography,8.1,A man's coerced confession to an I.R.A. bombing he did not commit results in the imprisonment of his father as well. An English lawyer fights to free them.,Jim Sheridan,1993,7 wins & 41 nominations total
Catch Me If You Can,Biography,8.1,"Barely 21 yet, Frank is a skilled forger who has passed as a doctor, lawyer and pilot. FBI agent Carl becomes obsessed with tracking down the con man, who only revels in the pursuit.",Steven Spielberg,2002,16 wins & 46 nominations total
Barry Lyndon,Adventure,8.1,An Irish rogue wins the heart of a rich widow and assumes her dead husband's aristocratic position in 18th-century England.,Stanley Kubrick,1975,19 wins & 15 nominations total
Gone Girl,Drama,8.1,"With his wife's disappearance having become the focus of an intense media circus, a man sees the spotlight turned on him when it's suspected that he may not be innocent.",David Fincher,2014,64 wins & 188 nominations total
Hacksaw Ridge,Biography,8.1,"World War II American Army Medic Desmond T. Doss, who served during the Battle of Okinawa, refuses to kill people and becomes the first man in American history to receive the Medal of Honor without firing a shot.",Mel Gibson,2016,54 wins & 115 nominations total
Andhadhun,Crime,8.2,"A series of mysterious events change the life of a blind pianist, who must now report a crime that he should technically know nothing of.",Sriram Raghavan,2018,27 wins & 25 nominations
To Be or Not to Be,Comedy,8.2,"During the Nazi occupation of Poland, an acting troupe becomes embroiled in a Polish soldier's efforts to track down a German spy.",Ernst Lubitsch,1942,2 wins & 2 nominations total
La passion de Jeanne d'Arc,Biography,8.1,"In 1431, Jeanne d'Arc is placed on trial on charges of heresy. The ecclesiastical jurists attempt to force Jeanne to recant her claims of holy visions.",Carl Theodor Dreyer,1928,5 wins & 2 nominations
Ford v Ferrari,Action,8.1,American car designer Carroll Shelby and driver Ken Miles battle corporate interference and the laws of physics to build a revolutionary race car for Ford in order to defeat Ferrari at the 24 Hours of Le Mans in 1966.,James Mangold,2019,25 wins & 89 nominations total
12 Years a Slave,Biography,8.1,"In the antebellum United States, Solomon Northup, a free black man from upstate New York, is abducted and sold into slavery.",Steve McQueen,2013,243 wins & 336 nominations total
The Big Lebowski,Comedy,8.1,"Jeff ""The Dude"" Lebowski, mistaken for a millionaire of the same name, seeks restitution for his ruined rug and enlists his bowling buddies to help get it.",Joel Coen,1998,5 wins & 18 nominations
How to Train Your Dragon,Animation,8.1,"A hapless young Viking who aspires to hunt dragons becomes the unlikely friend of a young dragon himself, and learns there may be more to the creatures than he assumed.",Dean DeBlois,2010,25 wins & 63 nominations total
Mad Max: Fury Road,Action,8.1,"In a post-apocalyptic wasteland, a woman rebels against a tyrannical ruler in search for her homeland with the aid of a group of female prisoners, a psychotic worshiper, and a drifter named Max.",George Miller,2015,245 wins & 231 nominations total
Dead Poets Society,Comedy,8.1,Maverick teacher John Keating uses poetry to embolden his boarding school students to new heights of self-expression.,Peter Weir,1989,20 wins & 19 nominations total
Höstsonaten,Drama,8.2,"A devoted wife is visited by her mother, a successful concert pianist who had little time for her when she was young.",Ingmar Bergman,1978,10 wins & 9 nominations total
Ben-Hur,Adventure,8.1,"After a Jewish prince is betrayed and sent into slavery by a Roman friend in 1st-century Jerusalem, he regains his freedom and comes back for revenge.",William Wyler,1959,29 wins & 16 nominations total
Le salaire de la peur,Adventure,8.1,"In a decrepit South American village, four men are hired to transport an urgent nitroglycerine shipment without the equipment that would make it safe.",Henri-Georges Clouzot,1953,6 wins total
Million Dollar Baby,Drama,8.1,A determined woman works with a hardened boxing trainer to become a professional.,Clint Eastwood,2004,67 wins & 86 nominations total
Harry Potter and the Deathly Hallows: Part 2,Adventure,8.1,"Harry, Ron, and Hermione search for Voldemort's remaining Horcruxes in their effort to destroy the Dark Lord as the final battle rages on at Hogwarts.",David Yates,2011,46 wins & 94 nominations total
Ah-ga-ssi,Drama,8.1,"A woman is hired as a handmaiden to a Japanese heiress, but secretly she is involved in a plot to defraud her.",Park Chan-Wook,2016,68 wins & 106 nominations total
Network,Drama,8.1,A television network cynically exploits a deranged former anchor's ravings and revelations about the news media for its own profit.,Sidney Lumet,1976,20 wins & 26 nominations total
Stand by Me,Adventure,8.1,"After the death of one of his friends, a writer recounts a childhood journey with his friends to find the body of a missing boy.",Rob Reiner,1986,5 wins & 11 nominations total
Cool Hand Luke,Crime,8.1,"A laid back Southern man is sentenced to two years in a rural prison, but refuses to conform.",Stuart Rosenberg,1967,4 wins & 10 nominations total
Logan,Action,8.1,"In a future where mutants are nearly extinct, an elderly and weary Logan leads a quiet life. But when Laura, a mutant child pursued by scientists, comes to him for help, he must get her to safety.",James Mangold,2017,28 wins & 77 nominations total
Les quatre cents coups,Crime,8.1,"A young boy, left without attention, delves into a life of petty crime.",François Truffaut,1959,10 wins & 7 nominations total
Gangs of Wasseypur,Action,8.2,"A clash between Sultan and Shahid Khan leads to the expulsion of Khan from Wasseypur, and ignites a deadly blood feud spanning three generations.",Anurag Kashyap,2012,17 wins & 45 nominations
Hachi: A Dog's Tale,Biography,8.1,A college professor bonds with an abandoned dog he takes into his home.,Lasse Hallström,2009,1 nomination
La haine,Crime,8.1,24 hours in the lives of three young men in the French suburbs the day after a violent riot.,Mathieu Kassovitz,1995,8 wins & 15 nominations
Eskiya,Crime,8.2,"Baran the Bandit, released from prison after 35 years, searches for vengeance and his lover.",Yavuz Turgul,1996,6 wins
Platoon,Drama,8.1,"Chris Taylor, a neophyte recruit in Vietnam, finds himself caught in a battle of wills between two sergeants, one good and the other evil. A shrewd examination of the brutality of war and the duality of man in conflict.",Oliver Stone,1986,24 wins & 15 nominations total
Spotlight,Biography,8.1,"The true story of how the Boston Globe uncovered the massive scandal of child molestation and cover-up within the local Catholic Archdiocese, shaking the entire Catholic Church to its core.",Tom McCarthy,2015,124 wins & 143 nominations total
Koe no katachi,Animation,8.2,"A young man is ostracized by his classmates after he bullies a deaf girl to the point where she moves away. Years later, he sets off on a path for redemption.",Naoko Yamada,2016,4 wins & 8 nominations
Life of Brian,Comedy,8.1,"Born on the original Christmas in the stable next door to Jesus Christ, Brian of Nazareth spends his life being mistaken for a messiah.",Terry Jones,1979,See the Top 250 movies as rated by IMDb users
Rebecca,Drama,8.1,A self-conscious woman juggles adjusting to her new role as an aristocrat's wife and avoiding being intimidated by his first wife's spectral presence.,Alfred Hitchcock,1940,7 wins & 10 nominations total
"Monsters, Inc.",Animation,8.1,"In order to power the city, monsters have to scare children so that they scream. However, the children are toxic to the monsters, and after a child gets through, two monsters realize things may not be what they think.",Pete Docter,2001,15 wins & 38 nominations total
Hotel Rwanda,Biography,8.1,"Paul Rusesabagina, a hotel manager, houses over a thousand Tutsi refugees during their struggle against the Hutu militia in Rwanda, Africa.",Terry George,2004,16 wins & 49 nominations total
Fa yeung nin wah,Drama,8.1,"Two neighbors form a strong bond after both suspect extramarital activities of their spouses. However, they agree to keep their bond platonic so as not to commit similar wrongs.",Kar-Wai Wong,2000,46 wins & 51 nominations total
Rush,Action,8.1,The merciless 1970s rivalry between Formula One rivals James Hunt and Niki Lauda.,Ron Howard,2013,6 wins & 65 nominations total
Into the Wild,Adventure,8.1,"After graduating from Emory University, top student and athlete Christopher McCandless abandons his possessions, gives his entire $24,000 savings account to charity and hitchhikes to Alaska to live in the wilderness. Along the way, Christopher encounters a series of characters that shape his life.",Sean Penn,2007,23 wins & 106 nominations total
Strasti po Andreyu,Biography,8.1,"The life, times and afflictions of the fifteenth-century Russian iconographer St. Andrei Rublev.",Andrei Tarkovsky,1966,5 wins & 2 nominations
Amores perros,Drama,8.1,"A horrific car accident connects three stories, each involving characters dealing with loss, regret, and life's harsh realities, all in the name of love.",Alejandro G. Iñárritu,2000,55 wins & 25 nominations total
Rocky,Drama,8.1,A small-time boxer gets a supremely rare chance to fight a heavyweight champion in a bout in which he strives to go the distance for his self-respect.,John G. Avildsen,1976,20 wins & 21 nominations total
It Happened One Night,Comedy,8.1,"A renegade reporter and a crazy young heiress meet on a bus heading for New York, and end up stuck with each other when the bus leaves them behind at one of the stops.",Frank Capra,1934,11 wins & 2 nominations total
Kaze no tani no Naushika,Animation,8.1,Warrior and pacifist Princess Nausicaä desperately struggles to prevent two warring nations from destroying themselves and their dying planet.,Hayao Miyazaki,1984,4 wins & 2 nominations
"Shin seiki Evangelion Gekijô-ban: Air/Magokoro wo, kimi ni",Animation,8.1,Concurrent theatrical ending of the TV series Shin seiki evangerion (1995).,Hideaki Anno,1997,2 wins
La battaglia di Algeri,Drama,8.1,"In the 1950s, fear and violence escalate as the people of Algiers fight for independence from the French government.",Gillo Pontecorvo,1966,9 wins & 9 nominations total
Before Sunset,Drama,8.1,"Nine years after Jesse and Celine first met, they encounter each other again on the French leg of Jesse's book tour.",Richard Linklater,2004,9 wins & 32 nominations total
Fanny och Alexander,Drama,8.1,"Two young Swedish children experience the many comedies and tragedies of their family, the Ekdahls.",Ingmar Bergman,1982,25 wins & 12 nominations total
Trois couleurs: Rouge,Drama,8.1,A model discovers a retired judge is keen on invading people's privacy.,Krzysztof Kieslowski,1994,19 wins & 29 nominations total
Kimetsu no Yaiba: Mugen Ressha-Hen,Animation,8.3,"After his family was brutally murdered and his sister turned into a demon, Tanjiro Kamado's journey as a demon slayer began. Tanjiro and his comrades embark on a new mission aboard the Mugen Train, on track to despair.",Haruo Sotozaki,2020,3 wins & 3 nominations
"Paris, Texas",Drama,8.1,"Travis Henderson, an aimless drifter who has been missing for four years, wanders out of the desert and must reconnect with society, himself, his life, and his family.",Wim Wenders,1984,18 wins & 12 nominations total
The Princess Bride,Adventure,8.1,"While home sick in bed, a young boy's grandfather reads him the story of a farmboy-turned-pirate who encounters numerous obstacles, enemies and allies in his quest to be reunited with his true love.",Rob Reiner,1987,7 wins & 10 nominations total
Ratsasan,Action,8.5,A sub-inspector sets out in pursuit of a mysterious serial killer who targets teen school girls and murders them brutally.,Ram Kumar,2018,3 wins & 6 nominations
Du rififi chez les hommes,Crime,8.1,"Four men plan a technically perfect crime, but the human element intervenes...",Jules Dassin,1955,6 wins & 1 nomination
Le notti di Cabiria,Drama,8.1,A waifish prostitute wanders the streets of Rome looking for true love but finds only heartbreak.,Federico Fellini,1957,17 wins & 8 nominations total
Sunrise: A Song of Two Humans,Drama,8.1,"A sophisticated urban woman seduces a farmer in the hopes that he will murder his neglected wife and join her in the city, but he soon finds himself rekindling his romance with the latter when she discovers their scheme.",F.W. Murnau,1927,6 wins & 2 nominations total
